seq,timestamp_ms,phase,m1_target_rpm,m1_actual_rpm,m1_pwm,m3_target_rpm,m3_actual_rpm,m3_pwm,gyro_z,imu_status
1,1293644,idle,0.00,0.00,0,0.00,0.00,0,0.029828,1
2,1293744,idle,0.00,0.00,0,0.00,0.00,0,0.027698,1
3,1293844,idle,0.00,0.00,0,0.00,0.00,0,0.029828,1
4,1293944,idle,0.00,0.00,0,0.00,0.00,0,0.030894,1
5,1294044,idle,0.00,0.00,0,0.00,0.00,0,0.028763,1
6,1294144,idle,0.00,0.00,0,0.00,0.00,0,0.030894,1
7,1294244,idle,0.00,0.00,0,0.00,0.00,0,0.028763,1
8,1294344,idle,0.00,0.00,0,0.00,0.00,0,0.028763,1
9,1294444,idle,0.00,0.00,0,0.00,0.00,0,0.027698,1
10,1294545,idle,0.00,0.00,0,0.00,0.00,0,0.026632,1
11,1294644,idle,0.00,0.00,0,0.00,0.00,0,0.029828,1
12,1294744,idle,0.00,0.00,0,0.00,0.00,0,0.028763,1
13,1294844,idle,0.00,0.00,0,0.00,0.00,0,0.027698,1
14,1294944,idle,0.00,0.00,0,0.00,0.00,0,0.028763,1
15,1295044,idle,0.00,0.00,0,0.00,0.00,0,0.026632,1
16,1295144,idle,0.00,0.00,0,0.00,0.00,0,0.030894,1
17,1295244,idle,0.00,0.00,0,0.00,0.00,0,0.028763,1
18,1295344,idle,0.00,0.00,0,0.00,0.00,0,0.031959,1
19,1295444,idle,0.00,0.00,0,0.00,0.00,0,0.028763,1
20,1295544,idle,0.00,0.00,0,0.00,0.00,0,0.028763,1
21,1295644,idle,0.00,0.00,0,0.00,0.00,0,0.028763,1
22,1295744,idle,0.00,0.00,0,0.00,0.00,0,0.029828,1
23,1295844,idle,0.00,0.00,0,0.00,0.00,0,0.027698,1
24,1295944,idle,0.00,0.00,0,0.00,0.00,0,0.030894,1
25,1296044,idle,0.00,0.00,0,0.00,0.00,0,0.029828,1
26,1296144,idle,0.00,0.00,0,0.00,0.00,0,0.024502,1
27,1296244,idle,0.00,0.00,0,0.00,0.00,0,0.029828,1
28,1296344,idle,0.00,0.00,0,0.00,0.00,0,0.029828,1
29,1296444,idle,0.00,0.00,0,0.00,0.00,0,0.029828,1
30,1296544,idle,0.00,0.00,0,0.00,0.00,0,0.028763,1
31,1296644,idle,0.00,0.00,0,0.00,0.00,0,0.031959,1
32,1296744,idle,0.00,0.00,0,0.00,0.00,0,0.028763,1
33,1296844,idle,0.00,0.00,0,0.00,0.00,0,0.026632,1
34,1296944,idle,0.00,0.00,0,0.00,0.00,0,0.026632,1
35,1297044,idle,0.00,0.00,0,0.00,0.00,0,0.026632,1
36,1297145,idle,0.00,0.00,0,0.00,0.00,0,0.031959,1
37,1297244,idle,0.00,0.00,0,0.00,0.00,0,0.026632,1
38,1297344,idle,0.00,0.00,0,0.00,0.00,0,0.028763,1
39,1297444,idle,0.00,0.00,0,0.00,0.00,0,0.029828,1
40,1297544,idle,0.00,0.00,0,0.00,0.00,0,0.029828,1
41,1297644,idle,0.00,0.00,0,0.00,0.00,0,0.028763,1
42,1297744,idle,0.00,0.00,0,0.00,0.00,0,0.028763,1
43,1297844,idle,0.00,0.00,0,0.00,0.00,0,0.026632,1
44,1297944,idle,0.00,0.00,0,0.00,0.00,0,0.026632,1
45,1298045,idle,8.78,3.85,0,-8.78,-3.85,0,0.027698,1
46,1298144,idle,21.96,15.38,5,-21.95,-15.38,-5,0.033024,1
47,1298245,idle,21.96,19.23,2,-21.95,-15.38,-5,0.030894,1
48,1298344,idle,21.96,19.23,2,-21.95,-15.38,-5,0.029828,1
49,1298444,idle,21.96,15.38,5,-21.95,-15.38,-5,0.030894,1
50,1298546,idle,21.96,15.38,5,-21.95,-15.38,-5,0.027698,1
51,1298644,idle,21.96,15.38,5,-21.95,-15.38,-5,0.030894,1
52,1298744,idle,21.96,19.23,2,-21.95,-15.38,-5,0.030894,1
53,1298844,idle,21.96,19.23,2,-21.95,-19.23,-2,0.028763,1
54,1298944,idle,21.96,15.38,5,-21.95,-11.54,-9,0.028763,1
55,1299044,idle,21.96,15.38,5,-21.95,-15.38,-6,0.028763,1
56,1299144,idle,21.96,19.23,2,-21.95,-15.38,-6,0.028763,1
57,1299244,idle,21.96,19.23,2,-21.95,-19.23,-3,0.028763,1
58,1299344,idle,21.96,15.38,6,-21.95,-15.38,-6,0.028763,1
59,1299444,idle,21.96,15.38,6,-21.95,-11.54,-9,0.029828,1
60,1299544,idle,21.96,19.23,3,-21.95,-19.23,-3,0.031959,1
61,1299644,idle,21.96,19.23,3,-21.95,-19.23,-3,0.026632,1
62,1299744,idle,21.96,19.23,3,-21.95,-15.38,-6,0.028763,1
63,1299844,idle,21.96,23.08,0,-21.95,-15.38,-6,0.028763,1
64,1299944,idle,21.96,15.38,6,-21.95,-15.38,-6,0.026632,1
65,1300044,idle,21.96,19.23,3,-21.95,-19.23,-3,0.028763,1
66,1300144,idle,21.96,11.54,9,-21.95,-19.23,-3,0.031959,1
67,1300244,idle,21.96,19.23,3,-21.95,-19.23,-3,0.026632,1
68,1300344,idle,21.96,15.38,6,-21.95,-19.23,-4,0.029828,1
69,1300444,idle,21.96,15.38,6,-21.95,-19.23,-4,0.030894,1
70,1300544,idle,0.00,0.00,0,0.00,0.00,0,0.026632,1
71,1300644,idle,0.00,0.00,0,0.00,0.00,0,0.031959,1
72,1300744,idle,0.00,0.00,0,0.00,0.00,0,0.028763,1
73,1300844,idle,0.00,0.00,0,0.00,0.00,0,0.031959,1
74,1300944,idle,0.00,0.00,0,0.00,0.00,0,0.029828,1
75,1301044,idle,0.00,0.00,0,0.00,0.00,0,0.029828,1
76,1301144,idle,0.00,0.00,0,0.00,0.00,0,0.027698,1
77,1301245,idle,0.00,0.00,0,0.00,0.00,0,0.028763,1
78,1301344,idle,0.00,0.00,0,0.00,0.00,0,0.030894,1
79,1301444,idle,0.00,0.00,0,0.00,0.00,0,0.025567,1
80,1301544,idle,0.00,0.00,0,0.00,0.00,0,0.030894,1
81,1301644,idle,0.00,0.00,0,0.00,0.00,0,0.029828,1
82,1301744,idle,0.00,0.00,0,0.00,0.00,0,0.030894,1
83,1301844,idle,0.00,0.00,0,0.00,0.00,0,0.028763,1
84,1301944,idle,0.00,0.00,0,0.00,0.00,0,0.031959,1
85,1302044,idle,0.00,0.00,0,0.00,0.00,0,0.028763,1
86,1302144,idle,0.00,0.00,0,0.00,0.00,0,0.027698,1
87,1302244,idle,0.00,0.00,0,0.00,0.00,0,0.027698,1
88,1302344,idle,0.00,0.00,0,0.00,0.00,0,0.028763,1
89,1302444,idle,0.00,0.00,0,0.00,0.00,0,0.029828,1
90,1302544,idle,0.00,0.00,0,0.00,0.00,0,0.028763,1
91,1302644,idle,0.00,0.00,0,0.00,0.00,0,0.029828,1
92,1302744,idle,0.00,0.00,0,0.00,0.00,0,0.029828,1
93,1302844,idle,0.00,0.00,0,0.00,0.00,0,0.027698,1
94,1302944,idle,0.00,0.00,0,0.00,0.00,0,0.026632,1
95,1303044,idle,0.00,0.00,0,0.00,0.00,0,0.029828,1
96,1303144,idle,0.00,0.00,0,0.00,0.00,0,0.027698,1
97,1303244,idle,0.00,0.00,0,0.00,0.00,0,0.031959,1
98,1303344,idle,0.00,0.00,0,0.00,0.00,0,0.027698,1
99,1303444,idle,0.00,0.00,0,0.00,0.00,0,0.028763,1
100,1303544,idle,0.00,0.00,0,0.00,0.00,0,0.028763,1
101,1303644,idle,0.00,0.00,0,0.00,0.00,0,0.029828,1
102,1303744,idle,0.00,0.00,0,0.00,0.00,0,0.027698,1
103,1303845,idle,0.00,0.00,0,0.00,0.00,0,0.029828,1
104,1303944,idle,0.00,0.00,0,0.00,0.00,0,0.027698,1
105,1304044,idle,0.00,0.00,0,0.00,0.00,0,0.028763,1
106,1304144,idle,0.00,0.00,0,0.00,0.00,0,0.029828,1
107,1304244,idle,0.00,0.00,0,0.00,0.00,0,0.030894,1
108,1304344,idle,0.00,0.00,0,0.00,0.00,0,0.031959,1
109,1304444,idle,0.00,0.00,0,0.00,0.00,0,0.028763,1
110,1304544,idle,0.00,0.00,0,0.00,0.00,0,0.026632,1
111,1304644,idle,0.00,0.00,0,0.00,0.00,0,0.029828,1
112,1304744,idle,0.00,0.00,0,0.00,0.00,0,0.028763,1
113,1304844,idle,0.00,0.00,0,0.00,0.00,0,0.029828,1
114,1304944,idle,0.00,0.00,0,0.00,0.00,0,0.028763,1
115,1305044,idle,0.00,0.00,0,0.00,0.00,0,0.029828,1
116,1305144,idle,0.00,0.00,0,0.00,0.00,0,0.028763,1
117,1305244,idle,0.00,0.00,0,0.00,0.00,0,0.026632,1
118,1305344,idle,0.00,0.00,0,0.00,0.00,0,0.030894,1
119,1305444,idle,0.00,0.00,0,0.00,0.00,0,0.030894,1
120,1305544,idle,0.00,0.00,0,0.00,0.00,0,0.029828,1
121,1305644,idle,0.00,0.00,0,0.00,0.00,0,0.025567,1
122,1305744,idle,0.00,0.00,0,0.00,0.00,0,0.030894,1
123,1305844,idle,0.00,0.00,0,0.00,0.00,0,0.029828,1
124,1305945,idle,0.00,0.00,0,0.00,0.00,0,0.029828,1
125,1306044,idle,0.00,0.00,0,0.00,0.00,0,0.027698,1
126,1306144,idle,0.00,0.00,0,0.00,0.00,0,0.028763,1
127,1306244,idle,0.00,0.00,0,0.00,0.00,0,0.029828,1
128,1306344,idle,0.00,0.00,0,0.00,0.00,0,0.028763,1
129,1306444,idle,0.00,0.00,0,0.00,0.00,0,0.028763,1
130,1306544,idle,0.00,0.00,0,0.00,0.00,0,0.026632,1
131,1306644,idle,0.00,0.00,0,0.00,0.00,0,0.028763,1
132,1306744,idle,0.00,0.00,0,0.00,0.00,0,0.031959,1
133,1306844,idle,0.00,0.00,0,0.00,0.00,0,0.028763,1
134,1306944,idle,0.00,0.00,0,0.00,0.00,0,0.027698,1
135,1307044,idle,0.00,0.00,0,0.00,0.00,0,0.029828,1
